<?xml version="1.0" encoding="utf-8"?>
<LinearLayout xmlns:android="http://schemas.android.com/apk/res/android"
    xmlns:tools="http://schemas.android.com/tools"
    android:orientation="vertical" android:layout_width="match_parent"
    android:layout_height="match_parent"
    tools:context=".MainActivity">

    <LinearLayout
        android:layout_width="wrap_content"
        android:layout_height="wrap_content"
        android:layout_gravity="center_horizontal">
        <TextView
            android:id="@+id/title"
            android:layout_width="wrap_content"
            android:layout_height="wrap_content"
            android:layout_marginTop="30dp"
            android:text="My Calendar Apps"
            android:textSize="20dp"
            android:textStyle="bold"

            /></LinearLayout>

    <LinearLayout
        android:layout_width="wrap_content"
        android:layout_height="wrap_content"
        android:layout_gravity="center_horizontal">

        <ImageView
            android:layout_marginTop="10dp"
            android:id="@+id/logo"
            android:src="@drawable/logo"
            android:layout_width="100dp"
            android:layout_height="100dp"/>
    </LinearLayout>

    <LinearLayout
        android:layout_width="wrap_content"
        android:layout_height="wrap_content"
        android:layout_gravity="center_horizontal">

        <EditText
            android:id="@+id/editText"
            android:layout_width="253dp"
            android:layout_height="61dp"
            android:layout_marginTop="20dp"
            android:hint="E-mail"
            android:inputType="textPersonName" />

    </LinearLayout>

    <LinearLayout
        android:layout_width="wrap_content"
        android:layout_height="wrap_content"
        android:layout_gravity="center_horizontal">
        <EditText
            android:id="@+id/editText2"
            android:layout_width="253dp"
            android:layout_height="62dp"
            android:layout_marginTop="10dp"
            android:hint="Password"
            android:inputType="textPassword"

            />
    </LinearLayout>


    <LinearLayout
        android:layout_width="wrap_content"
        android:layout_height="wrap_content"
        android:layout_gravity="center_horizontal">
        <TextView
            android:id="@+id/textView3"
            android:layout_width="wrap_content"
            android:layout_height="wrap_content"
            android:layout_marginTop="20dp"
            android:text="Number of Attempts remaining: 5"
            android:layout_gravity="center_horizontal"
            /></LinearLayout>


    <LinearLayout
        android:layout_width="wrap_content"
        android:layout_height="wrap_content"
        android:layout_gravity="center_horizontal">
        <TextView
            android:id="@+id/textView"
            android:layout_width="wrap_content"
            android:layout_height="wrap_content"
            android:layout_marginTop="15dp"
            android:layout_marginBottom="15dp"
            android:text="Do not have an account? Sign up now!"
            /></LinearLayout>

    <LinearLayout
        android:layout_width="wrap_content"
        android:layout_height="wrap_content"
        android:layout_gravity="center_horizontal">
        <TextView
            android:id="@+id/textView2"
            android:layout_width="wrap_content"
            android:layout_height="wrap_content"
            android:layout_marginBottom="10dp"
            android:text="Forget Password"
            android:layout_gravity="center_horizontal"

            />


    </LinearLayout>

    <LinearLayout
        android:layout_width="wrap_content"
        android:layout_height="wrap_content"
        android:layout_gravity="center_horizontal">
        <Button
            android:id="@+id/button"
            android:layout_width="125dp"
            android:layout_height="48dp"
            android:layout_marginTop="10dp"
            android:text="Login" />

    </LinearLayout>




</LinearLayout>

