<?xml version="1.0" encoding="utf-8"?>
<LinearLayout xmlns:android="http://schemas.android.com/apk/res/android"
    android:orientation="vertical" android:layout_width="match_parent"
    android:layout_height="match_parent">

    <LinearLayout
        android:layout_width="wrap_content"
        android:layout_height="wrap_content"
        android:layout_gravity="center_horizontal">
        <TextView
            android:id="@+id/title"
            android:layout_width="wrap_content"
            android:layout_height="wrap_content"
            android:layout_marginTop="30dp"
            android:text="My Calendar Apps"
            android:textSize="20dp"
            android:textStyle="bold"

            /></LinearLayout>

    <LinearLayout
        android:layout_width="wrap_content"
        android:layout_height="wrap_content"
        android:layout_gravity="center_horizontal">

        <ImageView
            android:layout_marginTop="10dp"
            android:id="@+id/logo"
            android:src="@drawable/logo"
            android:layout_width="100dp"
            android:layout_height="100dp"/>
    </LinearLayout>

    <LinearLayout
        android:layout_width="wrap_content"
        android:layout_height="wrap_content"
        android:layout_gravity="center_horizontal">
        <EditText
            android:id="@+id/editText3"
            android:layout_width="wrap_content"
            android:layout_height="wrap_content"
            android:ems="10"
            android:layout_marginTop="10dp"
            android:hint="Name"
            android:inputType="textPersonName" />
    </LinearLayout>
    <LinearLayout
        android:layout_width="wrap_content"
        android:layout_height="wrap_content"
        android:layout_gravity="center_horizontal">
        <EditText
            android:id="@+id/editText4"
            android:layout_width="wrap_content"
            android:layout_height="wrap_content"
            android:ems="10"
            android:hint="E-mail"
            android:inputType="textPersonName" /></LinearLayout>
    <LinearLayout
        android:layout_width="wrap_content"
        android:layout_height="wrap_content"
        android:layout_gravity="center_horizontal">
        <EditText
            android:id="@+id/editText5"
            android:layout_width="wrap_content"
            android:layout_height="wrap_content"
            android:layout_marginTop="20dp"
            android:ems="10"
            android:hint="Password"
            android:inputType="textPassword" />
    </LinearLayout>

        <LinearLayout
            android:layout_width="wrap_content"
            android:layout_height="wrap_content"
            android:layout_gravity="center_horizontal">
        </LinearLayout>

        <LinearLayout
            android:layout_width="wrap_content"
            android:layout_height="wrap_content"
            android:layout_gravity="center_horizontal">
            <Button
                android:id="@+id/button2"
                android:layout_width="121dp"
                android:layout_height="38dp"
                android:text="Register" /></LinearLayout>

        <LinearLayout
            android:layout_width="wrap_content"
            android:layout_height="wrap_content"
            android:layout_gravity="center_horizontal">

            <TextView
                android:id="@+id/textView4"
                android:layout_width="wrap_content"
                android:layout_height="wrap_content"
                android:layout_marginTop="20dp"
                android:layerType="none"
                android:text="Already have an account? Sign in now!"/>

         </LinearLayout>

</LinearLayout>