{
  "project_info": {
    "project_number": "133432785293",
    "firebase_url": "https://cmanagementsystem-a7f7d.firebaseio.com",
    "project_id": "cmanagementsystem-a7f7d",
    "storage_bucket": "cmanagementsystem-a7f7d.appspot.com"
  },
  "client": [
    {
      "client_info": {
        "mobilesdk_app_id": "1:133432785293:android:99dc3be0f7b2a0a81fe5c4",
        "android_client_info": {
          "package_name": "com.example.calendar"
        }
      },
      "oauth_client": [
        {
          "client_id": "133432785293-c352pb3fvrcrtgroh8ht8g64aab4nvhm.apps.googleusercontent.com",
          "client_type": 1,
          "android_info": {
            "package_name": "com.example.calendar",
            "certificate_hash": "ee223cad92f2acb65a754269d45e32f27cae3716"
          }
        },
        {
          "client_id": "133432785293-pvphos6644pkj05adlvsjiog218pg1q7.apps.googleusercontent.com",
          "client_type": 1,
          "android_info": {
            "package_name": "com.example.calendar",
            "certificate_hash": "bcbc0744112e91728831560f572907c2105f9e2d"
          }
        },
        {
          "client_id": "133432785293-ehnlt9uo8t35a9a0nhga7i76urch60rt.apps.googleusercontent.com",
          "client_type": 1,
          "android_info": {
            "package_name": "com.example.calendar",
            "certificate_hash": "f5e39b6e75c3a9465f7d82bdff0ed10b781da6ca"
          }
        },
        {
          "client_id": "133432785293-e8uu019tlqchkfr7k5725bkta13nifk6.apps.googleusercontent.com",
          "client_type": 3
        }
      ],
      "api_key": [
        {
          "current_key": "AIzaSyCmjl5-zKogxza_XIeOBUfHwTZgIIkergA"
        }
      ],
      "services": {
        "appinvite_service": {
          "other_platform_oauth_client": [
            {
              "client_id": "133432785293-e8uu019tlqchkfr7k5725bkta13nifk6.apps.googleusercontent.com",
              "client_type": 3
            }
          ]
        }
      }
    }
  ],
  "configuration_version": "1"
}